﻿[
	{
		        "name":"商品1",
	            "price":"100",
	            "url":"images/2.jpg",
				"tip":"好用1",
				"goodsId":"asjg"
	},
	{
	            "name":"商品2",
	            "price":"100",
	            "url":"images/3.jpg",
				"goodsId":"aasd",
	            "tip":"好用1"
	},
	{
	            "name":"商品3",
	            "price":"100",
	            "url":"images/4.jpg",
				"goodsId":"aa123123sd",
	            "tip":"好用1"
	},
	{
	            "name":"商品4",
	            "price":"100",
	            "url":"images/5.jpg",
				"goodsId":"a123asd",
	            "tip":"好用1"
	},
	{       
	            "name":"商品5",
	            "price":"100",
	            "url":"images/6.jpg",
				"goodsId":"aa45sd",
	            "tip":"好用1"
	},
	{
	            "name":"商品6",
	            "price":"100",
	            "url":"images/7.jpg",
				"goodsId":"a789798asd",
	            "tip":"好用1"
	},
	{
	            "name":"商品7",
	            "price":"100",
	            "url":"images/8.jpg",
				"goodsId":"aaasasdasd",
	            "tip":"好用1"
	},
	{
	            "name":"商品8",
	            "price":"100",
	            "url":"images/9.jpg",
				"goodsId":"a132123123asd",
	            "tip":"好用1"
	},
	{
	            "name":"商品9",
	            "price":"100",
	            "url":"images/1.jpg",
				"goodsId":"aasasdas8d687sad",
	            "tip":"好用1"
	}
]