[
  {
    "name":"芦荟补水三件套！正品套盒！护肤...",
    "price":"￥188.0",
    "src":"./images/d3.jpg",
    "url":"http://www.baidu.com",
    "goodsId":"id1"
  },
  {
    "name":"正品公主家试用旅行套装",
    "price":"￥30.0",
    "src":"./images/d2.jpg",
    "url":"http://www.baidu.com",
    "goodsId":"id2"
  },
  {
    "name":"泰国DFN千机变防水防汗眼线笔",
    "price":"￥39.0",
    "src":"./images/d1.jpg",
    "url":"http://www.baidu.com",
    "goodsId":"id3"
  },
  {

    "name":"芦荟补水三件套！正品套盒！护肤...",
    "price":"￥188.0",
    "src":"./images/d4.jpg",
    "url":"http://www.baidu.com",
    "goodsId":"id4"
  },
  {

    "name":"正品公主家试用旅行套装",
    "price":"￥30.0",
    "src":"./images/d5.jpg",
    "url":"http://www.baidu.com",
    "goodsId":"id5"
  },
  {
    "name":"泰国DFN千机变防水防汗眼线笔",
    "price":"￥39.0",
    "src":"./images/d6.jpg",
    "url":"http://www.baidu.com",
    "goodsId":"id6"
  },
  {

    "name":"芦荟补水三件套！正品套盒！护肤...",
    "price":"￥188.0",
    "src":"./images/d1.jpg",
    "url":"http://www.baidu.com",
    "goodsId":"id7"
  },
  {
    "name":"正品公主家试用旅行套装",
    "price":"￥30.0",
    "src":"./images/d2.jpg",
    "url":"http://www.baidu.com",
    "goodsId":"id8"
  },
  {

    "name":"芦荟补水三件套！正品套盒！护肤...",
    "price":"￥188.0",
    "src":"./images/d4.jpg",
    "url":"http://www.baidu.com",
    "goodsId":"id4"
  },
  {

    "name":"正品公主家试用旅行套装",
    "price":"￥30.0",
    "src":"./images/d5.jpg",
    "url":"http://www.baidu.com",
    "goodsId":"id5"
  }
]