[
	{
        "des":"芦荟补水三件套！正品套盒！护肤...",
        "price":"￥188.0",
        "src":"../images/t3.png",
        "no":"￥998.0",
        "goodsId":"id1"
	},
	{
        "des":"正品公主家试用旅行套装",
        "price":"￥30.0",
        "src":"../images/t4.png",
        "no":"￥60.0",
        "goodsId":"id2"
	},
	{
        "des":"泰国DFN千机变防水防汗眼线笔",
        "price":"￥39.0",
        "src":"../images/t5.png",
        "no":"￥128.0",
        "goodsId":"id3"
	},
	{
        
        "des":"芦荟补水三件套！正品套盒！护肤...",
        "price":"￥188.0",
        "src":"../images/t3.png",
        "no":"￥998.0",
        "goodsId":"id4"
	},	
	{
        
        "des":"正品公主家试用旅行套装",
        "price":"￥30.0",
        "src":"../images/t4.png",
        "no":"￥60.0",
        "goodsId":"id5"
	},
	{
         "des":"泰国DFN千机变防水防汗眼线笔",
        "price":"￥39.0",
        "src":"../images/t5.png",
        "no":"￥128.0",
        "goodsId":"id6"
	},	
	{
         
        "des":"芦荟补水三件套！正品套盒！护肤...",
        "price":"￥188.0",
        "src":"../images/t3.png",
        "no":"￥998.0",
        "goodsId":"id7"
	},
	{
        "des":"正品公主家试用旅行套装",
        "price":"￥30.0",
        "src":"../images/t4.png",
        "no":"￥60.0",
        "goodsId":"id8"
	}	
]