[
	{
		        "name":"佳沛新西兰阳光金奇异果原箱3.3kg（25-27粒）",
	            "price":"339.00",
				"fprice":"399.00",
	            "url":"https://image6.benlailife.com/ProductImages/000/000/348/225/medium/b82d4e93-fc0e-4005-b4a0-611b8aa445f2.jpg",
				"tip":"佳沛直供原箱金果，香甜多汁，维C小金库",
				"goodsId":"jp01"
	},
	{
		        "name":"佳沛新西兰阳光金奇异果 原箱3.3kg（22头）",
	            "price":"219.00",
	            "fprice":"339.00",
	            "url":"https://image4.benlailife.com/ProductImages/000/000/283/218/medium/18f76ae6-724b-4ccc-beb6-ae17e7e39c46.jpg",
				"tip":"真佳沛，在本来",
				"goodsId":"jp02"
	},
	{
	            "name":"佳沛新西兰绿奇异果原箱3.3kg（25-27粒）",
	            "price":"109.00",
	            "fprice":"209.00",
	            "url":"https://image5.benlailife.com/ProductImages/000/000/074/131/medium/38a2be3d-27a8-49cf-8de8-34c7f67acd97.jpg",
	            "tip":"佳沛直供，酸酸甜甜小清新 营养丰富",
				"goodsId":"jp03"
	},
	{
	            "name":"佳沛新西兰绿奇异果6粒（33# 600g-720g）",
	            "price":"29.90",
				"fprice":"49.00",
	            "url":"https://image3.benlailife.com/ProductImages/000/000/369/493/medium/b6eb101a-eff0-4fca-93ae-a3d4698c1e77.jpg",
	            "tip":"佳沛直供，小包装尝鲜，香甜多汁",
				"goodsId":"jp04"
	},
	{
	            "name":"佳沛新西兰金奇异果6粒 （33# 600-720g）",
	            "price":"49.90",
	            "fprice":"79.00",
	            "url":"https://image4.benlailife.com/ProductImages/000/000/299/896/medium/8fc920d7-b57c-45f2-b577-fe0bb628d1d5.jpg",
	            "tip":"佳沛直供，小包装尝鲜，香甜多汁",
				"goodsId":"jp05"
	},
	{
	            "name":"【现售】佳沛新西兰阳光金奇异果 原箱3.3kg（30-33粒）",
	            "price":"199.90",
	            "fprice":"359.00",
	            "url":"https://image2.benlailife.com/ProductImages/000/000/281/465/medium/99c68213-0010-4ad6-81a0-92b88e639f48.jpg",
	            "tip":"佳沛直供原箱金果，香甜多汁，维C小金库",
				"goodsId":"jp06"
	},
	{
	            "name":"佳沛新西兰绿奇异果12粒（33# 1.1kg-1.2kg）",
	            "price":"49.90",
				"fprice":"79.00",
	            "url":"https://image4.benlailife.com/ProductImages/000/000/369/495/medium/068cc29c-e8be-4fd4-8d54-e96f8ab87619.jpg",
	            "tip":"佳沛直供，小包装尝鲜，香甜多汁",
				"goodsId":"jp07"
	},
	{
	            "name":"佳沛新西兰绿奇异果原箱3.3kg（30-33粒）",
	            "price":"119.00",
	            "fprice":"119.00",
	            "url":"https://image3.benlailife.com/ProductImages/000/000/282/491/medium/6b19f772-84e3-4826-9ae4-1e45fc2e0d78.jpg",
	            "tip":"质地细腻，营养多汁",
				"goodsId":"jp08"
	}
]