
[
	{
		        "name":"上食 微辣牛肉丝 250g ",
	            "price":"¥348.00",
				"url":"../images/d4.jpg",
				"urls":"../images/d4.jpg",
				"urlss":"../images/d4.jpg",
				"goodsIds":"gfdfgfdggfd",
				"goodsId":"gfdgfd"
	},
	{
	            "name":"泰森 去皮鸡大胸 500g ",
	            "price":"¥39.00",
				"url":"../images/d6.jpg",
				"urls":"../images/d6.jpg",
				"urlss":"../images/d6.jpg",
				"goodsId":"aasd",
				"goodsIds":"gfd43dsf5gfd",
	            "tip":"月成交：客官快来"
	},
	{
	            "name":"明星2019夏季蕾丝网纱连",
	            "price":"¥341.00",
				"url":"../images/d2.jpg",
				"urls":"../images/d2.jpg",
				"urlss":"../images/d2.jpg",
				"goodsId":"aa123123sd",
				"goodsIds":"gfdgf45d",
	            "tip":"月成交：来点个赞先"
	},
	{
	            "name":"高贵显瘦减龄印花裙 ",
	            "price":"¥342.00",
				"url":"../images/d2.jpg",
				"urls":"../images/d2.jpg",
				"urlss":"../images/d2.jpg",
				"goodsId":"a123asd",
				"goodsIds":"gfdgegfd",
	            "tip":"月成交：材质好吧"
	},
	{       
	            "name":"太太高贵连衣裙 ",
	            "price":"¥343.00",
				"url":"../images/d3.jpg",
				"urls":"../images/d3.jpg",
				"urlss":"../images/d3.jpg",
				"goodsId":"aa45sd",
				"goodsIds":"gfdg45fd",
	            "tip":"月成交：小心过敏"
	},
	{
	            "name":"太太高端遮肉连衣裙 ",
	            "price":"¥344.00",
				"url":"../images/d4.jpg",
				"urls":"../images/d4.jpg",
				"urlss":"../images/d4.jpg",
				"goodsId":"a789798asd",
				"goodsIds":"gfdgfgtd",
	            "tip":"月成交：坑死你"
	},
	{
	            "name":"雪纺连衣裙 ",
	            "price":"¥345.00",
				"url":"../images/d3.jpg",
				"urls":"../images/d3.jpg",
				"urlss":"../images/d3.jpg",
				"goodsId":"aaasasdasd",
				"goodsIds":"gfdgf435d",
	            "tip":"月成交：痛哭流涕"
	},
	{
	            "name":"2019女式连衣裙 ",
	            "price":"¥346.00",
				"url":"../images/d3.jpg",
				"urls":"../images/d3.jpg",
				"urlss":"../images/d3.jpg",
				"goodsId":"a132123123asd",
				"goodsIds":"gfdg345refd",
	            "tip":"月成交：无数"
	},
	{
	            "name":"收腰五分袖连衣",
	            "price":"¥347.00",
				"url":"../images/d3.jpg",
				"urls":"../images/d3.jpg",
				"urlss":"../images/d3.jpg",
				"goodsId":"aasasdas8d687sad",
				"goodsIds":"gfdg34fd",
	            "tip":"月成交：店家开心"
	},
		{
		        "name":"高贵大码棉麻套装 ",
	            "price":"¥350.00",
				"url":"../images/d3.jpg",
				"urls":"../images/d3.jpg",
				"urlss":"../images/d3.jpg",
				"tip":"月成交：店家开心",
				"goodsIds":"gfd435gfd",
				"goodsId":"fgfdgfd"
	},
	{
	            "name":"高贵大码棉苟富贵麻套装 ",
	            "price":"¥351.00",
                "url":"../images/d3.jpg",
				"urls":"../images/d3.jpg",
				"urlss":"../images/d3.jpg",
				"goodsId":"aartsd",
				"goodsIds":"gfdgretfd",
	            "tip":"月成交：客官快来"
	},
	{
	            "name":"明星2019夏季蕾丝网纱连",
	            "price":"¥349.00",
				"url":"../images/d3.jpg",
				"urls":"../images/d3.jpg",
				"urlss":"../images/d3.jpg",
				"goodsId":"aa1ewr23123sd",
				"goodsIds":"gfdgretfd",
	            "tip":"月成交：来点个赞先"
	},
	{
	            "name":"高贵显瘦减龄印花裙 ",
	            "price":"¥349.00",
				"url":"../images/d3.jpg",
				"urls":"../images/d3.jpg",
				"urlss":"../images/d3.jpg",
				"goodsId":"a123ewrasd",
				"goodsIds":"gfdgfertd",
	            "tip":"月成交：材质好吧"
	},
	{       
	            "name":"太太高贵连衣裙 ",
	            "price":"¥349.00",
				"url":"../images/d3.jpg",
				"urls":"../images/d3.jpg",
				"urlss":"../images/d3.jpg",
				"goodsId":"aa45wersd",
				"goodsIds":"gfdretgfd",
	            "tip":"月成交：小心过敏"
	},
	{
	            "name":"太太高端遮肉连衣裙 ",
	            "price":"¥349.00",
                "url":"../images/d3.jpg",
				"urls":"../images/d3.jpg",
				"urlss":"../images/d3.jpg",
				"goodsId":"a789wer798asd",
				"goodsIds":"gfdgghdefd",
	            "tip":"月成交：坑死你"
	},
	{
	            "name":"雪纺连衣裙 ",
	            "price":"¥349.00",
				"url":"../images/d5.jpg",
				"urls":"../images/d5.jpg",
				"urlss":"../images/d5.jpg",
				"goodsId":"aaasaewrsdasd",
				"goodsIds":"gfdgfgfhd",
	            "tip":"月成交：痛哭流涕"
	},
	{
	            "name":"2019女式连衣裙 ",
	            "price":"¥349.00",
				"url":"../images/d3.jpg",
				"urls":"../images/d3.jpg",
				"urlss":"../images/d3.jpg",
				"goodsId":"a1321wer23123asd",
				"goodsIds":"gfdggfndgfd",
	            "tip":"月成交：无数"
	},
	{
	            "name":"收腰五分袖连衣",
	            "price":"¥349.00",
				"url":"../images/d2.jpg",
				"urls":"../images/d2.jpg",
				"urlss":"../images/d2.jpg",
				"goodsId":"aasasewrdas8d687sad",
				"goodsIds":"gfdgfgnfd",
	            "tip":"月成交：店家开心"
	},
	{
		        "name":"高贵大码棉麻套装 ",
	            "price":"¥349.00",
                "url":"../images/d3.jpg",
				"urls":"../images/d3.jpg",
				"urlss":"../images/d3.jpg",
				"tip":"月成交：客官快来",
				"goodsIds":"gfdggnffd",
				"goodsId":"retret"
	},
	{
	            "name":"高贵大码棉苟富贵麻套装 ",
	            "price":"¥349.00",
				"url":"../images/d5.jpg",
				"urls":"../images/d5.jpg",
				"urlss":"../images/d5.jpg",
				"goodsId":"aasder",
				"goodsIds":"gfdgngfnfd",
	            "tip":"月成交：客官快来"
	},
	{
	            "name":"明星2019夏季蕾丝网纱连",
	            "price":"¥349.00",
				"url":"../images/d3.jpg",
				"urls":"../images/d3.jpg",
				"urlss":"../images/d3.jpg",
				"goodsId":"aa12345123sd",
				"goodsIds":"gfderwgfd",
	            "tip":"月成交：来点个赞先"
	},
	{
	            "name":"高贵显瘦减龄印花裙 ",
	            "price":"¥349.00",
				"url":"../images/d4.jpg",
				"urls":"../images/d4.jpg",
				"urlss":"../images/d4.jpg",
				"goodsId":"a123aretsd",
				"goodsIds":"gfdgfdsfd",
	            "tip":"月成交：材质好吧"
	}
]


